id,location_id,organization_id,service_id,name,title,email,department
1,1,,,Susan Houston,Director of Services,shouston@abc.com,
2,1,,,Christina Gonzalez,Director,cgonzalez@abc.com,
3,2,,,Brenda Brown,"Director, Second Career Services",bbrown@abc.com,
4,3,,,Howard Lader,"Manager, Senior Counseling",hlader@abc.com,
5,4,,,Kimberly Pesavento,Commercial director,kpesavento@abc.com,
6,5,,,Joe Bloom,Financial Empowerment Programs Program Director,jbloom@abc.com,
7,6,,,Peter Olson,Director,polson@abc.com,
8,6,,,Bart Charlow,Executive Director,bcharlow@abc.com,
9,7,,,Bart Charlow,Executive Director,bcharlow1@abc.com,
10,7,,,Barbara Kalt,Director,bkalt@abc.com,
11,8,,,Marilyn Baker-Venturini,Director,mbaker-venturini@abc.com,
12,8,,,Graciela Hernandez,Assistant Manager,ghernandez@abc.com,
13,8,,,Julie Avelino,Assessment Specialist,javelino@abc.com,
14,9,,,Dave Genesy,Library Director,dgenesy@abc.com,
15,9,,,Maria Kramer,Library Divisions Manager,mkramer@abc.com,
16,10,,,Dave Genesy,tester,dgenesy1@abc.com,
17,10,,,Maria Kramer,Library Division Manager,mkramer1@abc.com,
18,11,,,Dave Genesy,Head of office,dgenesy2@abc.com,
19,11,,,Elizabeth Meeks,Branch Manager,emeeks@abc.com,
20,12,,,Kathy Endaya,Director,kendaya@abc.com,
21,13,,,Dave Genesy,Library Director,dgenesy3@abc.com,
22,14,,,Andres Espinoza,"Manager, Commanding Officer",aespinoza@abc.com,
23,15,,,Jack Phillips,Administrator,jphillips@abc.com,
24,16,,,James Lee,Commanding Officer,jlee@abc.com,
25,17,,,Kenneth Gibson,tester,kgibson@abc.com,
26,18,,,Sharon Petersen,Administrator,spetersen@abc.com,
27,19,,,Sharon Petersen,Administrator,spetersen1@abc.com,
28,21,,,Moncef Salah,tester,msalah@abc.com,Office of Innovation
29,22,,,Suzanne Badenhoop,tester,suzanne@example.com,,Referrals
30,20,,,Sean Houston,Director of new Services,shouston1@abc.com,
31,8,,,David Genesy,Account Manager,dgenesy4@abc.com,
32,,8,,Elizabeth Feeney,CEO,e.feeney@foobar.org,,Operations
33,,8,,Erika Meeks,tester,e.meeks@foobar.org,,Operations
36,,,22,Joe Smith,third-party,john.smith@example.org,,third-party Applications
